CHAVE DE ACESSO,MODELO,SÉRIE,NÚMERO,CFOP,NATUREZA DA OPERAÇÃO,DATA EMISSÃO,EVENTO MAIS RECENTE,DATA/HORA EVENTO MAIS RECENTE,CPF/CNPJ Emitente,RAZÃO SOCIAL EMITENTE,INSCRIÇÃO ESTADUAL EMITENTE,UF EMITENTE,MUNICÍPIO EMITENTE,CNPJ DESTINATÁRIO,NOME DESTINATÁRIO,UF DESTINATÁRIO,INDICADOR IE DESTINATÁRIO,DESTINO DA OPERAÇÃO,CONSUMIDOR FINAL,PRESENÇA DO COMPRADOR,VALOR NOTA FISCAL
41240106267630001509550010035101291224888487,55 - NF-E EMITIDA EM SUBSTITUIÇÃO AO MODELO 1 OU 1A,1,3510129,,Outras Entradas - Dev Remessa Escola,2024-01-18 7:10,Autorização de Uso,2024-01-18 7:10,06267630001509,COMPANHIA BRASILEIRA DE EDUC. E SIST. DE ENS. S.A - PR OP,9085104702,PR,CURITIBA,3.94429E+11,COMANDO DA AERONAUTICA,PA,CONTRIBUINTE ISENTO,2 - OPERAÇÃO INTERESTADUAL,1 - CONSUMIDOR FINAL,"9 - OPERAÇÃO NÃO PRESENCIAL, OUTROS",522.5
50240129843878000170550010000025251000181553,55 - NF-E EMITIDA EM SUBSTITUIÇÃO AO MODELO 1 OU 1A,1,2525,,VENDA DE MERCADORIA FORA DO ESTADO,2024-01-26 11:24,Autorização de Uso,2024-01-26 11:24,2.98439E+13,V CALDI PEREIRA PECAS E SERVICOS DIESEL,284290777,MS,COXIM,9.61585E+12,4 BATALHAO LOGISTICO,RS,NÃO CONTRIBUINTE,2 - OPERAÇÃO INTERESTADUAL,1 - CONSUMIDOR FINAL,1 - OPERAÇÃO PRESENCIAL,499
50240112977901000117550010000051831659469117,55 - NF-E EMITIDA EM SUBSTITUIÇÃO AO MODELO 1 OU 1A,1,5183,,Venda de mercadorias,2024-01-22 11:01,Autorização de Uso,2024-01-22 10:01,1.29779E+13,MOSKO LTDA EPP,284058734,MS,CAMPO GRANDE,1.54615E+13,FUNDACAO UNIVERSIDADE FEDERAL DE MS,MS,NÃO CONTRIBUINTE,1 - OPERAÇÃO INTERNA,1 - CONSUMIDOR FINAL,0 - NÃO SE APLICA,337.5
35240161186490000157551000000170551435015613,55 - NF-E EMITIDA EM SUBSTITUIÇÃO AO MODELO 1 OU 1A,100,17055,,REMESSA - ENTREGA FUTURA,2024-01-30 16:15,Autorização de Uso,2024-01-30 16:15,6.11865E+13,EDITORA FTD S.A.,1.0464E+11,SP,SAO PAULO,3.78257E+11,FUNDO NACIONAL DE DESENVOLVIMENTO DA EDUCACAO,DF,NÃO CONTRIBUINTE,2 - OPERAÇÃO INTERESTADUAL,1 - CONSUMIDOR FINAL,"9 - OPERAÇÃO NÃO PRESENCIAL, OUTROS",6712.16
35240134028316923228550010003691801935917886,55 - NF-E EMITIDA EM SUBSTITUIÇÃO AO MODELO 1 OU 1A,1,369180,,RETORNO DE MATERIAL DEPOSITADO EM ARMAZEM GERAL,2024-01-26 8:08,Autorização de Uso,2024-01-26 8:26,3.40283E+13,EMPRES BRASILEIRA DE CORREIOS E TELEGRAFOS,1.12389E+11,SP,CAJAMAR,3.78257E+11,FUNDO NACIONAL DE DESENVOLVIMENTO DA EDUCACAO,DF,NÃO CONTRIBUINTE,2 - OPERAÇÃO INTERESTADUAL,1 - CONSUMIDOR FINAL,0 - NÃO SE APLICA,274.56
33240101968236000189550020000000931000002482,55 - NF-E EMITIDA EM SUBSTITUIÇÃO AO MODELO 1 OU 1A,2,93,,Venda mercantil para o Estado,2024-01-19 9:15,Autorização de Uso,2024-01-19 9:18,01968236000189,MENMAR COMERCIO DE ALIMENTOS LTDA,86146185,RJ,SAO GONCALO,3.94502E+11,CENTRO DE INST. ALMIRANTE ALEXANDRINO,RJ,NÃO CONTRIBUINTE,1 - OPERAÇÃO INTERNA,0 - NORMAL,1 - OPERAÇÃO PRESENCIAL,642.5
33240111074537000112550010000170261252024011,55 - NF-E EMITIDA EM SUBSTITUIÇÃO AO MODELO 1 OU 1A,1,17026,,Venda de mercadoria adquirida ou recebida de terceiros,2024-01-26 10:48,Autorização de Uso,2024-01-26 10:48,1.10745E+13,NUTRI ALIMENTOS DE NILOPOLIS COMERCIO ATACADISTA LTDA,78909242,RJ,NILOPOLIS,3.94502E+11,COMANDO DA MARINHA,RJ,CONTRIBUINTE ISENTO,1 - OPERAÇÃO INTERNA,1 - CONSUMIDOR FINAL,"2 - OPERAÇÃO NÃO PRESENCIAL, PELA INTERNET",509.49
42240142933602000141550010000003421234157448,55 - NF-E EMITIDA EM SUBSTITUIÇÃO AO MODELO 1 OU 1A,1,342,,Venda Fora do Estado,2024-01-21 21:32,Autorização de Uso,2024-01-21 21:32,4.29336E+13,ZENITE COMERCIO E SUPRIMENTOS DE INFORMATICA LTDA,261222082,SC,SANTO AMARO DA IMPERATRIZ,1.06731E+13,"INSTITUTO FEDERAL DE EDUCACAO, CIENCIA E TECNOLOGIA- IFMS",MS,NÃO CONTRIBUINTE,2 - OPERAÇÃO INTERESTADUAL,1 - CONSUMIDOR FINAL,"2 - OPERAÇÃO NÃO PRESENCIAL, PELA INTERNET",752.4
42240111142525000188550010000029281367881645,55 - NF-E EMITIDA EM SUBSTITUIÇÃO AO MODELO 1 OU 1A,1,2928,,Venda de mercadoria,2024-01-16 16:36,Autorização de Uso,2024-01-16 16:35,1.11425E+13,CLEBER NASCIMENTO DA ROSA EPP,260696803,SC,PASSO DE TORRES,3.94429E+11,COMANDO DA AERONAUTICA,DF,NÃO CONTRIBUINTE,2 - OPERAÇÃO INTERESTADUAL,0 - NORMAL,"2 - OPERAÇÃO NÃO PRESENCIAL, PELA INTERNET",1826.68
53240121793208000185550010000041621085505452,55 - NF-E EMITIDA EM SUBSTITUIÇÃO AO MODELO 1 OU 1A,1,4162,,VENDA DE MERCADORIA,2024-01-16 15:08,Autorização de Uso,2024-01-16 15:10,2.17932E+13,DF MAQUINAS E FERRAMENTAS LTDA,7.71189E+11,DF,BRASILIA,3.94544E+11,MINISTERIO DA SAUDE,MT,NÃO CONTRIBUINTE,2 - OPERAÇÃO INTERESTADUAL,1 - CONSUMIDOR FINAL,1 - OPERAÇÃO PRESENCIAL,3426
43240110591513000178550010001589901593435130,55 - NF-E EMITIDA EM SUBSTITUIÇÃO AO MODELO 1 OU 1A,1,158990,,SIMPLES REMESSA,2024-01-17 12:13,Autorização de Uso,2024-01-17 12:18,1.05915E+13,OSTHEON COM.IMPORT.E EXPORT.DE PROD.HOSP.LTDA,963289721,RS,PORTO ALEGRE,1.03603E+13,HOSPITAL MILITAR DE AREA DE PORTO ALEGRE,RS,NÃO CONTRIBUINTE,1 - OPERAÇÃO INTERNA,1 - CONSUMIDOR FINAL,1 - OPERAÇÃO PRESENCIAL,8875
35240114477127000100550010000119341682014103,55 - NF-E EMITIDA EM SUBSTITUIÇÃO AO MODELO 1 OU 1A,1,11934,,6.108 VENDA MERC. ADQ. TERCEIROS,2024-01-24 10:43,Autorização de Uso,2024-01-24 10:43,1.44771E+13,LAIBO MEDICAL PRODUTOS MEDICOS E HOSPITALARES LTDA,6.33408E+11,SP,SANTOS,3.94544E+11,MINISTERIO DA SAUDE -HOSP. FED BONS,RJ,NÃO CONTRIBUINTE,2 - OPERAÇÃO INTERESTADUAL,1 - CONSUMIDOR FINAL,"9 - OPERAÇÃO NÃO PRESENCIAL, OUTROS",1416
29240105788360000113550010000367511001003700,55 - NF-E EMITIDA EM SUBSTITUIÇÃO AO MODELO 1 OU 1A,1,36751,,VENDAS DE MERC ADQUI EOU REC DE TERCEIR,2024-01-15 10:22,Autorização de Uso,2024-01-15 10:28,05788360000113,BAHIA CESTAS LTDA,103456380,BA,SALVADOR,3.94429E+11,BASE AÉREA DE SALVADOR,BA,NÃO CONTRIBUINTE,1 - OPERAÇÃO INTERNA,1 - CONSUMIDOR FINAL,1 - OPERAÇÃO PRESENCIAL,475.9
35240103549807000176550010001603701247148068,55 - NF-E EMITIDA EM SUBSTITUIÇÃO AO MODELO 1 OU 1A,1,160370,,Retorno de mercadoria ou bem recebido para conserto ou repar,2024-01-24 13:04,Autorização de Uso,2024-01-29 8:52,03549807000176,PADTEC S/A,2.44661E+11,SP,CAMPINAS,1.0207E+13,COMANDO DO COMANDO MILITAR DA AMAZONIA,AM,CONTRIBUINTE ISENTO,2 - OPERAÇÃO INTERESTADUAL,1 - CONSUMIDOR FINAL,"9 - OPERAÇÃO NÃO PRESENCIAL, OUTROS",29461.38
43240121783698000139550000000050201758542890,55 - NF-E EMITIDA EM SUBSTITUIÇÃO AO MODELO 1 OU 1A,0,5020,,Venda de Mercadoria Mesma UF,2024-01-26 12:58,Autorização de Uso,2024-01-26 12:59,2.17837E+13,VISAO DISTRIBUIDORA DE MEDICAMENTOS LTDA,963630202,RS,PORTO ALEGRE,9.5633E+12,GRUPO DE ARTILHARIA DE CAMPANHA,RS,NÃO CONTRIBUINTE,1 - OPERAÇÃO INTERNA,1 - CONSUMIDOR FINAL,"9 - OPERAÇÃO NÃO PRESENCIAL, OUTROS",116
25240108761132000148558929001803761379847297,55 - NF-E EMITIDA EM SUBSTITUIÇÃO AO MODELO 1 OU 1A,892,900180376,,VENDA,2024-01-05 15:51,Autorização de Uso,2024-01-05 15:51,***.165.104-**,JOSEFA DE SOUZA ABREU,-1,PB,SAO JOAO DO RIO DO PEIXE,5.52678E+12,"MINISTERIO DO DESENVOLVIMENTO SOCIAL, FAMILIA E COMBATE A FO",DF,NÃO CONTRIBUINTE,2 - OPERAÇÃO INTERESTADUAL,1 - CONSUMIDOR FINAL,0 - NÃO SE APLICA,362.94
24240121172344000158550010000226611518005129,55 - NF-E EMITIDA EM SUBSTITUIÇÃO AO MODELO 1 OU 1A,1,22661,,5102 Venda Interna Normal,2024-01-15 0:00,Autorização de Uso,2024-01-15 6:18,2.11723E+13,J NUNES DISTRIBUIDORA DE ALIMENTOS EIRELI,204169810,RN,NATAL,2.43657E+13,UNIVERSIDADE FEDERAL DO RIO GRANDE NORTE,RN,NÃO CONTRIBUINTE,1 - OPERAÇÃO INTERNA,1 - CONSUMIDOR FINAL,0 - NÃO SE APLICA,71.2
21240103526252000147558902430084471957013301,55 - NF-E EMITIDA EM SUBSTITUIÇÃO AO MODELO 1 OU 1A,890,243008447,,DA DE PRODUCAO DO ESTABELECIMENTO,2024-01-19 10:40,Autorização de Uso,2024-01-19 9:39,***.858.493-**,JUAREZ SILVA CABRAL,-1,MA,SAO LUIS,5.52678E+12,"MINISTERIO DO DESENVOLVIMENTO E ASSISTENCIA SOCIAL, FAMILIA",AM,NÃO CONTRIBUINTE,2 - OPERAÇÃO INTERESTADUAL,1 - CONSUMIDOR FINAL,0 - NÃO SE APLICA,832.97
31240136933736000160550010000009641036036868,55 - NF-E EMITIDA EM SUBSTITUIÇÃO AO MODELO 1 OU 1A,1,964,,Venda de mercadoria adquirida ou recebida de terceiros,2024-01-27 11:38,Autorização de Uso,2024-01-27 11:59,3.69337E+13,N&C COMERCIO E DISTRIBUICAO DE DESCARTAVEIS LTDA,39446830095,MG,SAO JOSE DA LAPA,1.07277E+13,IFMG/SALINAS MG - INSTITUTO FEDERAL DO NORTE DE MG,MG,CONTRIBUINTE ICMS,1 - OPERAÇÃO INTERNA,1 - CONSUMIDOR FINAL,0 - NÃO SE APLICA,937.5
13240181243735001977550110003126831434389385,55 - NF-E EMITIDA EM SUBSTITUIÇÃO AO MODELO 1 OU 1A,11,312683,,Venda produção estab.destinada a não contribuinte / Venda,2024-01-16 14:48,Autorização de Uso,2024-01-16 14:48,8.12437E+13,POSITIVO TECNOLOGIA S/A,62005901,AM,MANAUS,7.7778E+12,UNIVERSIDADE FEDERAL DO RECONCAVO DA BAHIA,BA,CONTRIBUINTE ISENTO,2 - OPERAÇÃO INTERESTADUAL,1 - CONSUMIDOR FINAL,0 - NÃO SE APLICA,3557
51240107418552000163550070000298281013317735,55 - NF-E EMITIDA EM SUBSTITUIÇÃO AO MODELO 1 OU 1A,7,29828,,VENDA,2024-01-08 12:41,Autorização de Uso,2024-01-08 11:37,07418552000163,TIGRAO AUTO POSTO EIRELI,133116166,MT,CAMPINAPOLIS,3.94544E+11,MINISTERIO DA SAUDE,MT,NÃO CONTRIBUINTE,1 - OPERAÇÃO INTERNA,1 - CONSUMIDOR FINAL,1 - OPERAÇÃO PRESENCIAL,359.01
52240119442190000125550010000002051000008053,55 - NF-E EMITIDA EM SUBSTITUIÇÃO AO MODELO 1 OU 1A,1,205,,VENDA DE MERCADORIAS REC. DE TERCEIROS,2024-01-26 7:09,Autorização de Uso,2024-01-26 8:09,1.94422E+13,AURAMEDI FARMACEUTICA LTDA,106610333,GO,APARECIDA DE GOIANIA,3.94544E+11,MINISTERIO DA SAUDE,RS,NÃO CONTRIBUINTE,2 - OPERAÇÃO INTERESTADUAL,1 - CONSUMIDOR FINAL,1 - OPERAÇÃO PRESENCIAL,26881.2
43240115641333000177550010000138951880800008,55 - NF-E EMITIDA EM SUBSTITUIÇÃO AO MODELO 1 OU 1A,1,13895,,Venda,2024-01-08 10:34,Autorização de Uso,2024-01-08 10:36,1.56413E+13,SERCIMAQ VENDA E ASSISTENCIA TECNICA DE MAQUINAS E MOTORES L,1090369961,RS,SANTA MARIA,9.57538E+12,BASE ADMINISTRATIVA DA GUARNICAO DE SANTA MARIA,RS,NÃO CONTRIBUINTE,1 - OPERAÇÃO INTERNA,1 - CONSUMIDOR FINAL,1 - OPERAÇÃO PRESENCIAL,20
26240144232997000180550010000001061604736206,55 - NF-E EMITIDA EM SUBSTITUIÇÃO AO MODELO 1 OU 1A,1,106,,5102/5405/5933/ VENDA MERC. DENT. ESTADO,2024-01-15 9:42,Autorização de Uso,2024-01-15 9:42,4.4233E+13,JF CENTRO AUTOMOTIVO LTDA,100416993,PE,PETROLINA,1.08303E+13,INSTITUTO FEDERAL DO SERTAO PERNAMBUCANO / CAMPUS FLORESTA,PE,CONTRIBUINTE ISENTO,1 - OPERAÇÃO INTERNA,1 - CONSUMIDOR FINAL,1 - OPERAÇÃO PRESENCIAL,207.25
24240121172344000158550010000225941518005124,55 - NF-E EMITIDA EM SUBSTITUIÇÃO AO MODELO 1 OU 1A,1,22594,,5102 Venda Interna Normal,2024-01-09 0:00,Autorização de Uso,2024-01-09 5:44,2.11723E+13,J NUNES DISTRIBUIDORA DE ALIMENTOS EIRELI,204169810,RN,NATAL,3.94502E+11,COMANDO DA MARINHA,RN,NÃO CONTRIBUINTE,1 - OPERAÇÃO INTERNA,1 - CONSUMIDOR FINAL,0 - NÃO SE APLICA,370.8
21240100321961000106550010000027711281724627,55 - NF-E EMITIDA EM SUBSTITUIÇÃO AO MODELO 1 OU 1A,1,2771,,Venda,2024-01-26 10:23,Autorização de Uso,2024-01-26 10:33,00321961000106,M SOUSA LIMA,121397777,MA,IMPERATRIZ,1.07351E+13,INSTITUTO FEDERAL DE EDUCACAO CIENCIA E TECNOLOGIA DO MARANH,MA,NÃO CONTRIBUINTE,1 - OPERAÇÃO INTERNA,1 - CONSUMIDOR FINAL,"9 - OPERAÇÃO NÃO PRESENCIAL, OUTROS",338
35240134028316923228550010003680821895807710,55 - NF-E EMITIDA EM SUBSTITUIÇÃO AO MODELO 1 OU 1A,1,368082,,RETORNO DE MATERIAL DEPOSITADO EM ARMAZEM GERAL,2024-01-18 11:51,Autorização de Uso,2024-01-18 11:57,3.40283E+13,EMPRES BRASILEIRA DE CORREIOS E TELEGRAFOS,1.12389E+11,SP,CAJAMAR,3.78257E+11,FUNDO NACIONAL DE DESENVOLVIMENTO DA EDUCACAO,DF,NÃO CONTRIBUINTE,2 - OPERAÇÃO INTERESTADUAL,1 - CONSUMIDOR FINAL,0 - NÃO SE APLICA,274.56
23240114124286000121550010000214351719667666,55 - NF-E EMITIDA EM SUBSTITUIÇÃO AO MODELO 1 OU 1A,1,21435,,VENDA DE MERCADORIA ADQUIRIDA OU RECEBIDA DE TERCEIROS EM OP,2024-01-05 16:03,Autorização de Uso,2024-01-05 16:03,1.41243E+13,MAVI CONSTRUCOES - LTDA,65721551,CE,FORTALEZA,3.94502E+11,ESCOLA DE APRENDIZES MARINHEIROS DO CEARA,CE,NÃO CONTRIBUINTE,1 - OPERAÇÃO INTERNA,1 - CONSUMIDOR FINAL,1 - OPERAÇÃO PRESENCIAL,293.86
35240107689002001070550040009651251068643412,55 - NF-E EMITIDA EM SUBSTITUIÇÃO AO MODELO 1 OU 1A,4,965125,,Outra saida merc. prest. serv. nao especificado,2024-01-30 8:24,Autorização de Uso,2024-01-30 8:25,07689002001070,EMBRAER S.A.,6.8862E+11,SP,TAUBATE,3.94429E+11,BASE AÉREA DE ANÁPOLIS - BAAN,GO,NÃO CONTRIBUINTE,2 - OPERAÇÃO INTERESTADUAL,1 - CONSUMIDOR FINAL,"9 - OPERAÇÃO NÃO PRESENCIAL, OUTROS",16577.25
11240105082751000118550030000028071961141439,55 - NF-E EMITIDA EM SUBSTITUIÇÃO AO MODELO 1 OU 1A,3,2807,,VENDA MERCADORIA ADQUIRIDA/RECEBIDA DE TERCEIROS,2024-01-30 9:56,Autorização de Uso,2024-01-30 9:16,05082751000118,"DELICIA DO NORTE COMERCIO, SERVICOS E REPRESENTACAO DE PRODU",3734901,RO,PORTO VELHO,3.94429E+11,COMANDO DA AERONAUTICA.,RO,NÃO CONTRIBUINTE,1 - OPERAÇÃO INTERNA,0 - NORMAL,1 - OPERAÇÃO PRESENCIAL,239.2
33240142498675000152558900084252611221488139,55 - NF-E EMITIDA EM SUBSTITUIÇÃO AO MODELO 1 OU 1A,890,8425261,,Venda de mercadoria adquirida ou recebida de terceiros,2024-01-04 11:31,Autorização de Uso,2024-01-04 11:39,5.05003E+13,50.500.312 LEANDRO PIMENTEL CORREA DE SA,13007411,RJ,RIO DE JANEIRO,3.37811E+13,INSTITUTO DE TECNOLOGIA EM FÁRMACOS,RJ,CONTRIBUINTE ICMS,1 - OPERAÇÃO INTERNA,1 - CONSUMIDOR FINAL,1 - OPERAÇÃO PRESENCIAL,600
31240119400787000107550020001382881596542602,55 - NF-E EMITIDA EM SUBSTITUIÇÃO AO MODELO 1 OU 1A,2,138288,,BONIFICACAO / DOACAO/BRINDE,2024-01-29 18:30,Autorização de Uso,2024-01-29 18:30,1.94008E+13,QUIBASA QUIMICA BASICA LTDA,6.2206E+11,MG,BELO HORIZONTE,2.59445E+13,UNIVERSIDADE FEDERAL DE VICOSA,MG,NÃO CONTRIBUINTE,1 - OPERAÇÃO INTERNA,1 - CONSUMIDOR FINAL,0 - NÃO SE APLICA,198.6
15240105054903000179558900026000941813445058,55 - NF-E EMITIDA EM SUBSTITUIÇÃO AO MODELO 1 OU 1A,890,2600094,,S,2024-01-23 14:39,Autorização de Uso,2024-01-23 15:21,***.152.402-**,ANTONIO DE PAIVA COSTA,-1,PA,OBIDOS,5.52678E+12,"MINISTERIO DO DESENVOLVIMENTO SOCIAL, FAMILIA E COMBATE A FO",DF,NÃO CONTRIBUINTE,2 - OPERAÇÃO INTERESTADUAL,1 - CONSUMIDOR FINAL,0 - NÃO SE APLICA,2286.39
35240134028316923228550010003682871190911646,55 - NF-E EMITIDA EM SUBSTITUIÇÃO AO MODELO 1 OU 1A,1,368287,,RETORNO DE MATERIAL DEPOSITADO EM ARMAZEM GERAL,2024-01-22 16:08,Autorização de Uso,2024-01-22 16:26,3.40283E+13,EMPRES BRASILEIRA DE CORREIOS E TELEGRAFOS,1.12389E+11,SP,CAJAMAR,3.78257E+11,FUNDO NACIONAL DE DESENVOLVIMENTO DA EDUCACAO,DF,NÃO CONTRIBUINTE,2 - OPERAÇÃO INTERESTADUAL,1 - CONSUMIDOR FINAL,0 - NÃO SE APLICA,274.56
35240113158576000123550010000007151038000006,55 - NF-E EMITIDA EM SUBSTITUIÇÃO AO MODELO 1 OU 1A,1,715,,Venda de mercadoria,2024-01-12 13:42,Autorização de Uso,2024-01-12 13:56,1.31586E+13,F C NICOLAU EQUIPAMENTOS PARA LABORATÓRIO LTDA.,2.06868E+11,SP,BARUERI,3.96895E+11,"MINISTERIO DA AGRICULTURA, PECUARIA E ABASTECIMENTO",MG,NÃO CONTRIBUINTE,2 - OPERAÇÃO INTERESTADUAL,1 - CONSUMIDOR FINAL,0 - NÃO SE APLICA,43499.99
35240134028316923228550010003691091625593939,55 - NF-E EMITIDA EM SUBSTITUIÇÃO AO MODELO 1 OU 1A,1,369109,,RETORNO DE MATERIAL DEPOSITADO EM ARMAZEM GERAL,2024-01-25 17:38,Autorização de Uso,2024-01-25 18:56,3.40283E+13,EMPRES BRASILEIRA DE CORREIOS E TELEGRAFOS,1.12389E+11,SP,CAJAMAR,3.78257E+11,FUNDO NACIONAL DE DESENVOLVIMENTO DA EDUCACAO,DF,NÃO CONTRIBUINTE,2 - OPERAÇÃO INTERESTADUAL,1 - CONSUMIDOR FINAL,0 - NÃO SE APLICA,274.56
33240131343734000105550010000052751051465399,55 - NF-E EMITIDA EM SUBSTITUIÇÃO AO MODELO 1 OU 1A,1,5275,,VENDA DE PRODUCAO DO ESTABELECIMENTO,2024-01-26 15:47,Autorização de Uso,2024-01-26 15:46,3.13437E+13,CORPO ASTRAL COMERCIAL E INDUSTRIAL LTDA,83274956,RJ,RIO DE JANEIRO,3.94544E+11,MINISTERIO DA SAUDE - HOSPITAL FEDERAL DO ANDARAI,RJ,NÃO CONTRIBUINTE,1 - OPERAÇÃO INTERNA,1 - CONSUMIDOR FINAL,"2 - OPERAÇÃO NÃO PRESENCIAL, PELA INTERNET",1840
25240108761132000148558929001845831104091314,55 - NF-E EMITIDA EM SUBSTITUIÇÃO AO MODELO 1 OU 1A,892,900184583,,VENDA,2024-01-18 12:59,Autorização de Uso,2024-01-18 12:59,***.892.434-**,ALEXSANDRO BARBOSA LAURENTINO,-1,PB,MARI,5.52678E+12,"MINISTERIO DO DESENVOLVIMENTO SOCIAL, FAMILIA E COMBATE A FO",DF,NÃO CONTRIBUINTE,2 - OPERAÇÃO INTERESTADUAL,1 - CONSUMIDOR FINAL,0 - NÃO SE APLICA,1955
42240107200582000107550010000036381500353278,55 - NF-E EMITIDA EM SUBSTITUIÇÃO AO MODELO 1 OU 1A,1,3638,,"Venda de mercadoria adquirida ou recebida de terceiros, ou q",2024-01-26 8:29,Autorização de Uso,2024-01-26 8:35,07200582000107,L G COMERCIAL DE MAQUINAS AGRICOLAS LTDA,254915477,SC,CHAPECO,8.82997E+12,INSTITUTO CHICO MENDES DE CONSERVACAO DA BIODIVERSIDADE,DF,NÃO CONTRIBUINTE,2 - OPERAÇÃO INTERESTADUAL,0 - NORMAL,0 - NÃO SE APLICA,6643.48
33240134164319000506550020007285111404046887,55 - NF-E EMITIDA EM SUBSTITUIÇÃO AO MODELO 1 OU 1A,2,728511,,OUTRAS SAIDAS,2024-01-17 9:23,Autorização de Uso,2024-01-17 10:05,3.41643E+13,CASA DA MOEDA DO BRASIL,82346988,RJ,RIO DE JANEIRO,3.94494E+11,MINISTERIO DA JUSTICA E SEGURANCA PUBLICA,RJ,NÃO CONTRIBUINTE,1 - OPERAÇÃO INTERNA,1 - CONSUMIDOR FINAL,0 - NÃO SE APLICA,13033.16
33240131673254000102550000009419131947020033,55 - NF-E EMITIDA EM SUBSTITUIÇÃO AO MODELO 1 OU 1A,0,941913,,Outras Entradas,2024-01-16 8:47,Autorização de Uso,2024-01-16 8:47,3.16733E+13,LABORATORIOS B.BRAUN S.A,80103077,RJ,SAO GONCALO,9.48776E+13,UNIVERSIDADE FEDERAL DO RIO GRANDE - FURG,RS,NÃO CONTRIBUINTE,2 - OPERAÇÃO INTERESTADUAL,1 - CONSUMIDOR FINAL,"9 - OPERAÇÃO NÃO PRESENCIAL, OUTROS",726081.6
52240134274233010248550000000095681192430548,55 - NF-E EMITIDA EM SUBSTITUIÇÃO AO MODELO 1 OU 1A,0,9568,,Vda Cmb/Lub.cons/usu.final estab.outra UF,2024-01-15 16:01,Autorização de Uso,2024-01-15 16:01,3.42742E+13,VIBRA ENERGIA S.A,100235549,GO,ANAPOLIS,3.94429E+11,COMANDO DA AERONAUTICA,DF,NÃO CONTRIBUINTE,1 - OPERAÇÃO INTERNA,1 - CONSUMIDOR FINAL,1 - OPERAÇÃO PRESENCIAL,11758.92
23240106628333000146550000003193591965191880,55 - NF-E EMITIDA EM SUBSTITUIÇÃO AO MODELO 1 OU 1A,0,319359,,"VENDA DE PRODUCAO DO ESTABELECIMENTO, DESTINADA A NAO CONTRI",2024-01-16 10:49,Autorização de Uso,2024-01-16 11:05,06628333000146,FARMACE - INDUSTRIA QUIMICO FARMACEUTICA CEARENSE LTDA,68480075,CE,BARBALHA,3.94544E+11,HOSPITAL SERVIDORES DO ESTADO RJ,RJ,NÃO CONTRIBUINTE,2 - OPERAÇÃO INTERESTADUAL,1 - CONSUMIDOR FINAL,"9 - OPERAÇÃO NÃO PRESENCIAL, OUTROS",56100
13240132969749000138550010000025911980503676,55 - NF-E EMITIDA EM SUBSTITUIÇÃO AO MODELO 1 OU 1A,1,2591,,Venda de mercadoria,2024-01-22 0:22,Autorização de Uso,2024-01-22 0:22,3.29697E+13,R G XAVIER GUIMARAES LTDA,54080185,AM,MANAUS,9.58025E+12,CENTRO DE EMBARCACOES DO COMANDO MILITAR DA AMAZONIA,AM,NÃO CONTRIBUINTE,1 - OPERAÇÃO INTERNA,1 - CONSUMIDOR FINAL,"9 - OPERAÇÃO NÃO PRESENCIAL, OUTROS",3682.9
26240100323090000151550010000778311445412925,55 - NF-E EMITIDA EM SUBSTITUIÇÃO AO MODELO 1 OU 1A,1,77831,,REMES MAT PREST SERV,2024-01-12 12:03,Autorização de Uso,2024-01-16 15:25,00323090000151,SOLL -SERVICOS OBRAS E LOCACOES LTDA,23874090,PE,OLINDA,3.94544E+11,MINISTERIO DA SAUDE DISTRITO SANITARIO ESPECIAL INDIGENA PE,PE,NÃO CONTRIBUINTE,1 - OPERAÇÃO INTERNA,1 - CONSUMIDOR FINAL,"9 - OPERAÇÃO NÃO PRESENCIAL, OUTROS",586.3
43240112889035000102550010003280411514625164,55 - NF-E EMITIDA EM SUBSTITUIÇÃO AO MODELO 1 OU 1A,1,328041,,"VENDA DE MERCADORIA ADQ OU RECEB DE TERC, DEST A NAO CONTRIB",2024-01-16 9:22,Autorização de Uso,2024-01-16 9:22,1.2889E+13,INOVAMED HOSPITALAR LTDA,390157570,RS,ERECHIM,3.94544E+11,MINISTERIO DA SAUDE DISTRITO SANITARIO ESPECIAL INDIGENA PE,PE,NÃO CONTRIBUINTE,2 - OPERAÇÃO INTERESTADUAL,1 - CONSUMIDOR FINAL,"9 - OPERAÇÃO NÃO PRESENCIAL, OUTROS",2743.2
35240103508097000217550010000052651072024018,55 - NF-E EMITIDA EM SUBSTITUIÇÃO AO MODELO 1 OU 1A,1,5265,,OUTRAS REMESSAS DE BEM DO ATIVO,2024-01-08 12:23,Autorização de Uso,2024-01-08 12:23,03508097000217,REDE NACIONAL DE ENSINO E PESQUISA - RNP,7.95438E+11,SP,CAMPINAS,1.07277E+13,"INSTITUTO FEDERAL DE EDUCACAO, CIENCIA",MG,NÃO CONTRIBUINTE,2 - OPERAÇÃO INTERESTADUAL,1 - CONSUMIDOR FINAL,0 - NÃO SE APLICA,4948.54
35240101559403000138550030001344161759370688,55 - NF-E EMITIDA EM SUBSTITUIÇÃO AO MODELO 1 OU 1A,3,134416,,REMESSA EM COMODATO,2024-01-18 13:05,Autorização de Uso,2024-01-18 13:06,01559403000138,BIO 2 IMP. E COM DE MAT. MED. HOSP. LTDA,1.48787E+11,SP,SAO PAULO,3.94429E+11,COMANDO DA AERONAUTICA,SP,NÃO CONTRIBUINTE,1 - OPERAÇÃO INTERNA,1 - CONSUMIDOR FINAL,"9 - OPERAÇÃO NÃO PRESENCIAL, OUTROS",10077
43240103746938001387550040001482911451453628,55 - NF-E EMITIDA EM SUBSTITUIÇÃO AO MODELO 1 OU 1A,4,148291,,OUTRAS SAIDAS,2024-01-04 16:46,Autorização de Uso,2024-01-04 16:46,03746938001387,BRS SUPRIMENTOS CORPORATIVOS S/A,1240336230,RS,SAO LEOPOLDO,1.07643E+13,INSTITUTO FED. DE EDU. CIENCIA E TEC. DA BAHIA,BA,CONTRIBUINTE ISENTO,2 - OPERAÇÃO INTERESTADUAL,1 - CONSUMIDOR FINAL,"9 - OPERAÇÃO NÃO PRESENCIAL, OUTROS",2154.05
33240111637221000191550010000271611968108323,55 - NF-E EMITIDA EM SUBSTITUIÇÃO AO MODELO 1 OU 1A,1,27161,,BONIFICACAO,2024-01-30 8:56,Autorização de Uso,2024-01-30 8:57,1.16372E+13,PROMOVENDO COM. E REPRES. DE MATERIAL HOSP. LTDA,78995734,RJ,RIO DE JANEIRO,3.94429E+11,HOSPITAL CENTRAL DA AERONAUTICA,RJ,NÃO CONTRIBUINTE,1 - OPERAÇÃO INTERNA,1 - CONSUMIDOR FINAL,1 - OPERAÇÃO PRESENCIAL,88.22
25240108761132000148558929001807301681639327,55 - NF-E EMITIDA EM SUBSTITUIÇÃO AO MODELO 1 OU 1A,892,900180730,,VENDA,2024-01-08 11:34,Autorização de Uso,2024-01-08 11:34,***.128.604-**,CELINA COSTA DE SOUZA,-1,PB,SAO BENTO,5.52678E+12,"MINISTERIO DO DESENVOLVIMENTO SOCIAL, FAMILIA E COMBATE A FO",DF,NÃO CONTRIBUINTE,2 - OPERAÇÃO INTERESTADUAL,1 - CONSUMIDOR FINAL,0 - NÃO SE APLICA,1733.28
21240103526252000147558902430102691512381960,55 - NF-E EMITIDA EM SUBSTITUIÇÃO AO MODELO 1 OU 1A,890,243010269,,DA DE PRODUCAO DO ESTABELECIMENTO,2024-01-24 9:58,Autorização de Uso,2024-01-24 8:56,***.654.363-**,MARINILDE BELFORT MATOS,-1,MA,SAO LUIS,5.52678E+12,"MINISTERIO DO DESENVOLVIMENTO E ASSISTENCIA SOCIAL, FAMILIA",AM,NÃO CONTRIBUINTE,2 - OPERAÇÃO INTERESTADUAL,1 - CONSUMIDOR FINAL,0 - NÃO SE APLICA,3498.2
35240149287841000110550010000011321004038030,55 - NF-E EMITIDA EM SUBSTITUIÇÃO AO MODELO 1 OU 1A,1,1132,,Venda,2024-01-02 5:49,Autorização de Uso,2024-01-02 6:34,4.92878E+13,HS-CPQ TECNOLOGIA LTDA,1.22949E+11,SP,CAMPINAS,5.05513E+12,UNIVERSIDADE FEDERAL DE CAMPINA GRANDE,PB,NÃO CONTRIBUINTE,2 - OPERAÇÃO INTERESTADUAL,1 - CONSUMIDOR FINAL,0 - NÃO SE APLICA,1842
53240109255999000194550010000000781887290010,55 - NF-E EMITIDA EM SUBSTITUIÇÃO AO MODELO 1 OU 1A,1,78,,Venda,2024-01-18 14:27,Autorização de Uso,2024-01-18 14:27,09255999000194,"HPL CONSTRUCAO, SEGURANCA E SERVICOS EIRELI",7.98751E+11,DF,BRASILIA,2.31367E+12,1441 - AGENCIA NAC DO PETROLEO GAS NAT E,RJ,NÃO CONTRIBUINTE,1 - OPERAÇÃO INTERNA,0 - NORMAL,1 - OPERAÇÃO PRESENCIAL,20200
52240151607431000151550010000001151860625614,55 - NF-E EMITIDA EM SUBSTITUIÇÃO AO MODELO 1 OU 1A,1,115,,Venda Fora do Estado,2024-01-10 12:36,Autorização de Uso,2024-01-10 12:36,5.16074E+13,F & K BRASIL LTDA,200619381,GO,GOIANIA,1.06269E+13,INSTITUTO FEDERAL DE EDUCAÇÃO - CAMPUS SJE,MG,CONTRIBUINTE ICMS,2 - OPERAÇÃO INTERESTADUAL,1 - CONSUMIDOR FINAL,"2 - OPERAÇÃO NÃO PRESENCIAL, PELA INTERNET",5441.64
43240104004419000172550000000468521472674279,55 - NF-E EMITIDA EM SUBSTITUIÇÃO AO MODELO 1 OU 1A,0,46852,,VENDA DE MERCADORIAS,2024-01-29 11:19,Autorização de Uso,2024-01-29 12:43,04004419000172,RE SOL COMERCIO DE FRUTAS E LEGUMES LTDA,963198726,RS,PORTO ALEGRE,9.60388E+12,COLEGIO MILITAR DE PORTO ALEGRE,RS,NÃO CONTRIBUINTE,1 - OPERAÇÃO INTERNA,1 - CONSUMIDOR FINAL,0 - NÃO SE APLICA,191.48
41240129614830000190550010000078741140340810,55 - NF-E EMITIDA EM SUBSTITUIÇÃO AO MODELO 1 OU 1A,1,7874,,REMESSA EM BONIFICACAO DOACAO OU BRINDE,2024-01-04 17:17,Autorização de Uso,2024-01-04 17:17,2.96148E+13,MEDITON FARMACEUTICA LTDA ME,9077196770,PR,PATO BRANCO,3.94502E+11,COMANDO DA MARINHA,RJ,NÃO CONTRIBUINTE,2 - OPERAÇÃO INTERESTADUAL,1 - CONSUMIDOR FINAL,0 - NÃO SE APLICA,30
41240147776164000179550010000002911000051442,55 - NF-E EMITIDA EM SUBSTITUIÇÃO AO MODELO 1 OU 1A,1,291,,VENDA INTEREST. DESTINADA A NAO CONTRIBUINTE,2024-01-19 0:00,Autorização de Uso,2024-01-19 10:52,4.77762E+13,WOLVES GROUP AND COLI INK BUSINESS LTDA,9096314830,PR,MARINGA,1.02717E+13,12 REGIMENTO DE CAVALARIA MECANIZADO,RS,CONTRIBUINTE ISENTO,2 - OPERAÇÃO INTERESTADUAL,1 - CONSUMIDOR FINAL,0 - NÃO SE APLICA,760
53240123651234000102550010000108491171690576,55 - NF-E EMITIDA EM SUBSTITUIÇÃO AO MODELO 1 OU 1A,1,10849,,Remessa de mercadoria em consignacao mercantil ou industrial,2024-01-03 15:07,Autorização de Uso,2024-01-03 15:07,2.36512E+13,ARTE IMPLANTES MATERIAIS CIRURGICOS LTDA,1.53595E+11,SP,SAO PAULO,1.03603E+13,HOSPITAL MILITAR DE AREA DE PORTO ALEGRE,RS,NÃO CONTRIBUINTE,2 - OPERAÇÃO INTERESTADUAL,1 - CONSUMIDOR FINAL,"9 - OPERAÇÃO NÃO PRESENCIAL, OUTROS",27170
52240147341740000155550010000010801662721631,55 - NF-E EMITIDA EM SUBSTITUIÇÃO AO MODELO 1 OU 1A,1,1080,,6108-VENDA PARA CONSUMIDOR FINAL (FORA DO ESTADO),2024-01-18 15:08,Autorização de Uso,2024-01-18 15:12,4.73417E+13,3MARIAS DISTRIBUICAO E SERVICOS LTDA,109530985,GO,GOIANIA,3.94494E+11,PENITENCIARIA FEDERAL EM PORTO VELHO RO,RO,NÃO CONTRIBUINTE,2 - OPERAÇÃO INTERESTADUAL,1 - CONSUMIDOR FINAL,0 - NÃO SE APLICA,960
50240111319557000378550010001138751342870272,55 - NF-E EMITIDA EM SUBSTITUIÇÃO AO MODELO 1 OU 1A,1,113875,,VENDA DE MERC ADQUIRIDA DE TERCEIROS,2024-01-23 11:29,Autorização de Uso,2024-01-23 10:29,1.13196E+13,DENTECK LTDA - FILIAL03 MS,284069817,MS,MUNDO NOVO,1.07277E+13,IFMG/SALINAS MG - INSTITUTO FEDERAL DO NORTE DE MG,MG,CONTRIBUINTE ICMS,2 - OPERAÇÃO INTERESTADUAL,1 - CONSUMIDOR FINAL,"9 - OPERAÇÃO NÃO PRESENCIAL, OUTROS",25400
35240134028316923228550010003662951402138670,55 - NF-E EMITIDA EM SUBSTITUIÇÃO AO MODELO 1 OU 1A,1,366295,,RETORNO DE MATERIAL DEPOSITADO EM ARMAZEM GERAL,2024-01-16 15:08,Autorização de Uso,2024-01-16 16:02,3.40283E+13,EMPRES BRASILEIRA DE CORREIOS E TELEGRAFOS,1.12389E+11,SP,CAJAMAR,3.78257E+11,FUNDO NACIONAL DE DESENVOLVIMENTO DA EDUCACAO,DF,NÃO CONTRIBUINTE,2 - OPERAÇÃO INTERESTADUAL,1 - CONSUMIDOR FINAL,0 - NÃO SE APLICA,131.78
51240129111673000109550020000141631362205850,55 - NF-E EMITIDA EM SUBSTITUIÇÃO AO MODELO 1 OU 1A,2,14163,,"5656 Venda de combustivel ou lubrificante, adquiridos ou re",2024-01-26 10:42,Autorização de Uso,2024-01-26 10:42,2.91117E+13,DUME COMBUSTIVEIS BARRA DO GARCAS LTDA,137367414,MT,BARRA DO GARCAS,3.94429E+11,COMANDO DA AERON&AACUTE;UTICA,DF,CONTRIBUINTE ISENTO,1 - OPERAÇÃO INTERNA,1 - CONSUMIDOR FINAL,1 - OPERAÇÃO PRESENCIAL,898.98
51240119967950000118550010001417291227856484,55 - NF-E EMITIDA EM SUBSTITUIÇÃO AO MODELO 1 OU 1A,1,141729,,"5656 Venda de combustivel ou lubrificante, adquiridos ou re",2024-01-03 12:05,Autorização de Uso,2024-01-03 12:05,1.9968E+13,L. LUCIA KUHN E CIA LTDA EPP,135428165,MT,QUERENCIA,3.94544E+11,MINISTERIO DA SAUDE,MT,NÃO CONTRIBUINTE,1 - OPERAÇÃO INTERNA,1 - CONSUMIDOR FINAL,1 - OPERAÇÃO PRESENCIAL,281.85
13240122761584019250550010000219531214111438,55 - NF-E EMITIDA EM SUBSTITUIÇÃO AO MODELO 1 OU 1A,1,21953,,198 - Venda de Mercadoria,2024-01-10 15:07,Autorização de Uso,2024-01-10 15:07,2.27616E+13,FORTBRAS AUTOPECAS S.A.,54537240,AM,MANAUS,3.94494E+11,SECRETARIA DE GESTAO E ENSINO EM SEGURANCA PUBLICA,DF,NÃO CONTRIBUINTE,1 - OPERAÇÃO INTERNA,1 - CONSUMIDOR FINAL,1 - OPERAÇÃO PRESENCIAL,1746.39
50240129412918000120550010000132521651818922,55 - NF-E EMITIDA EM SUBSTITUIÇÃO AO MODELO 1 OU 1A,1,13252,,VENDA DE MERC. ADQUIRIDA OU RECEBIDA DE TERCEIROS,2024-01-30 16:01,Autorização de Uso,2024-01-30 16:01,2.94129E+13,MALTACARE DISTRIBUIDORA LTDA,284271527,MS,CAMPO GRANDE,9.53971E+12,HOSPITAL MILITAR DE AREA DE CAMPO GRANDE,MS,NÃO CONTRIBUINTE,1 - OPERAÇÃO INTERNA,1 - CONSUMIDOR FINAL,"3 - OPERAÇÃO NÃO PRESENCIAL, TELEATENDIMENTO",122202.6
41240133609404000136550010000001611332303229,55 - NF-E EMITIDA EM SUBSTITUIÇÃO AO MODELO 1 OU 1A,1,161,,Venda,2024-01-15 9:42,Autorização de Uso,2024-01-15 9:52,3.36094E+13,MM DISTRIBUIDORA DE PRODUTOS E EQUIPAMENTOS LTDA,9087219507,PR,CURITIBA,7.50957E+13,UNIVERSIDADE FEDERAL DO PARANÁ,PR,NÃO CONTRIBUINTE,1 - OPERAÇÃO INTERNA,1 - CONSUMIDOR FINAL,"9 - OPERAÇÃO NÃO PRESENCIAL, OUTROS",7486.5
33240124875483000136550010000615131690293359,55 - NF-E EMITIDA EM SUBSTITUIÇÃO AO MODELO 1 OU 1A,1,61513,,VENDA DENTRO DO ESTADO,2024-01-26 13:23,Autorização de Uso,2024-01-26 13:24,2.48755E+13,ESSENCIAL RIO DISTRIB. DE PROD. MEDICOS E HOSPITALARES LTDA,87152596,RJ,NOVA IGUACU,9.60924E+12,HOSPITAL CENTRAL DO EXERCITO,RJ,NÃO CONTRIBUINTE,1 - OPERAÇÃO INTERNA,1 - CONSUMIDOR FINAL,0 - NÃO SE APLICA,9600
35240103772785001423551000002652261958305580,55 - NF-E EMITIDA EM SUBSTITUIÇÃO AO MODELO 1 OU 1A,100,265226,,RECEBIMENTO DE PECAS EM GARANTIA,2024-01-18 16:34,Autorização de Uso,2024-01-18 16:34,03772785001423,DAHRUJ MOTORS LTDA,2.44708E+11,SP,CAMPINAS,3.94494E+11,MINISTÉRIO DA JUSTIÇA,SP,NÃO CONTRIBUINTE,1 - OPERAÇÃO INTERNA,1 - CONSUMIDOR FINAL,1 - OPERAÇÃO PRESENCIAL,45.84
33240107556125000141550010000010271001370079,55 - NF-E EMITIDA EM SUBSTITUIÇÃO AO MODELO 1 OU 1A,1,1027,,5102,2024-01-24 14:08,Autorização de Uso,2024-01-24 14:14,07556125000141,F C SILVA COMERCIO DE INFORMATICA,77969845,RJ,VOLTA REDONDA,3.94502E+11,COMANDO DA MARINHA,RJ,NÃO CONTRIBUINTE,1 - OPERAÇÃO INTERNA,1 - CONSUMIDOR FINAL,0 - NÃO SE APLICA,528
33240103605534000130550000001298321747470850,55 - NF-E EMITIDA EM SUBSTITUIÇÃO AO MODELO 1 OU 1A,0,129832,,Outra entrada de mercadoria ou prestacao de servico nao espe,2024-01-23 16:08,Autorização de Uso,2024-01-23 16:08,03605534000130,AVFARMA ASSIST. SERV. FARMACEUTICOS LTDA,77899618,RJ,RIO DE JANEIRO,3.40231E+13,HOSPITAL UNIVERSITARIO GAFFREE E GUINLE,RJ,CONTRIBUINTE ISENTO,1 - OPERAÇÃO INTERNA,0 - NORMAL,0 - NÃO SE APLICA,14288.91
53240150506565000113550010000000191368001919,55 - NF-E EMITIDA EM SUBSTITUIÇÃO AO MODELO 1 OU 1A,1,19,,VENDA,2024-01-29 15:16,Autorização de Uso,2024-01-30 15:17,5.05066E+13,OGATTI IMPORTS LTDA,8.21588E+11,DF,BRASILIA,9.58527E+12,2 REGIMENTO DE CAVALARIA DE GUARDAS,RJ,NÃO CONTRIBUINTE,2 - OPERAÇÃO INTERESTADUAL,1 - CONSUMIDOR FINAL,"2 - OPERAÇÃO NÃO PRESENCIAL, PELA INTERNET",10799.6
35240151566738000151550010000000831685520093,55 - NF-E EMITIDA EM SUBSTITUIÇÃO AO MODELO 1 OU 1A,1,83,,Venda de mercadoria a nao contribuinte,2024-01-22 15:57,Autorização de Uso,2024-01-22 15:57,5.15667E+13,GS MIRANDA LTDA,1.35622E+11,SP,CAMPINAS,2.104E+13,UNIVERSIDADE FEDERAL DE ITAJUBA,MG,NÃO CONTRIBUINTE,2 - OPERAÇÃO INTERESTADUAL,1 - CONSUMIDOR FINAL,"9 - OPERAÇÃO NÃO PRESENCIAL, OUTROS",1172.16
35240147334422000167550010000000921112105297,55 - NF-E EMITIDA EM SUBSTITUIÇÃO AO MODELO 1 OU 1A,1,92,,Venda Fora do Estado,2024-01-21 0:49,Autorização de Uso,2024-01-21 0:50,4.73344E+13,DANIEL ROSA LOPES 25949024893,1.3656E+11,SP,SAO PAULO,2.40985E+13,UNIVERSIDADE FEDERAL DA PARAIBA UFPB,PB,NÃO CONTRIBUINTE,2 - OPERAÇÃO INTERESTADUAL,1 - CONSUMIDOR FINAL,"2 - OPERAÇÃO NÃO PRESENCIAL, PELA INTERNET",393.9
43240110245418000112550010000045771437361850,55 - NF-E EMITIDA EM SUBSTITUIÇÃO AO MODELO 1 OU 1A,1,4577,,VENDA DE MERCADORIAS INTER ESTADUAL - 6.102,2024-01-26 10:25,Autorização de Uso,2024-01-26 10:28,1.02454E+13,TMPRO COMERCIO DE ELETRO ELETRONICOS LTDA - MATRIZ,963814206,RS,PORTO ALEGRE,5.05513E+12,UNIVERSIDADE FEDERAL DE CAMPINA GRANDE,PB,NÃO CONTRIBUINTE,2 - OPERAÇÃO INTERESTADUAL,1 - CONSUMIDOR FINAL,"2 - OPERAÇÃO NÃO PRESENCIAL, PELA INTERNET",82265.75
51240126588921000100550020000575441192309162,55 - NF-E EMITIDA EM SUBSTITUIÇÃO AO MODELO 1 OU 1A,2,57544,,VENDA,2024-01-19 23:09,Autorização de Uso,2024-01-19 22:09,2.65889E+13,FARIAS SANTOS E FARIA ZAMPA LTDA,131274287,MT,BARRA DO GARCAS,3.94544E+11,MINISTERIO DA SAUDE,MT,NÃO CONTRIBUINTE,1 - OPERAÇÃO INTERNA,1 - CONSUMIDOR FINAL,1 - OPERAÇÃO PRESENCIAL,168
31240114707364000110550010000604621344853230,55 - NF-E EMITIDA EM SUBSTITUIÇÃO AO MODELO 1 OU 1A,1,60462,,VENDA IND CONTA/ORD,2024-01-17 12:10,Autorização de Uso,2024-01-17 12:20,1.47074E+13,XCMG BRASIL INDUSTRIA LTDA,18814650080,MG,POUSO ALEGRE,43711000143,DEPT.NACIONAL DE OBRAS C SECAS,CE,NÃO CONTRIBUINTE,2 - OPERAÇÃO INTERESTADUAL,1 - CONSUMIDOR FINAL,"9 - OPERAÇÃO NÃO PRESENCIAL, OUTROS",330000
23240122808990000121550010000050761000066380,55 - NF-E EMITIDA EM SUBSTITUIÇÃO AO MODELO 1 OU 1A,1,5076,,Venda de mercadoria adquirida ou recebida de terceiros em op,2024-01-15 11:57,Autorização de Uso,2024-01-15 11:57,2.2809E+13,B2G MEDICAL COMERCIO DE PRODUTOS MEDICOS E CIRURGICOS LTDA,64598136,CE,FORTALEZA,1.07643E+13,"INSTITUTO FEDERAL DE EDUCACAO, CIENCIA E TECNOLOGIA DA BAHIA",BA,NÃO CONTRIBUINTE,2 - OPERAÇÃO INTERESTADUAL,1 - CONSUMIDOR FINAL,0 - NÃO SE APLICA,361
23240134274233013344550000000816521563567487,55 - NF-E EMITIDA EM SUBSTITUIÇÃO AO MODELO 1 OU 1A,0,81652,,Vda Cmb/Lub.cons/usu.final estab.outra UF,2024-01-31 10:52,Autorização de Uso,2024-01-31 10:52,3.42742E+13,VIBRA ENERGIA S.A,68030703,CE,FORTALEZA,3.94429E+11,COMANDO DA AERONAUTICA,DF,NÃO CONTRIBUINTE,1 - OPERAÇÃO INTERNA,1 - CONSUMIDOR FINAL,1 - OPERAÇÃO PRESENCIAL,2206.11
41240178796778000146550010000033861063270258,55 - NF-E EMITIDA EM SUBSTITUIÇÃO AO MODELO 1 OU 1A,1,3386,,VENDA,2024-01-09 13:28,Autorização de Uso,2024-01-09 13:28,7.87968E+13,G DE BORBA - MARISKAP,1016202980,PR,CURITIBA,3.94429E+11,COMANDO DA AERONAUTICA,DF,NÃO CONTRIBUINTE,2 - OPERAÇÃO INTERESTADUAL,1 - CONSUMIDOR FINAL,0 - NÃO SE APLICA,3384.58
35240131722206000159550010000025731541527270,55 - NF-E EMITIDA EM SUBSTITUIÇÃO AO MODELO 1 OU 1A,1,2573,,Venda,2024-01-31 10:59,Autorização de Uso,2024-01-31 11:01,3.17222E+13,IVANETE APARECIDA MIRANDA,5.81125E+11,SP,RIBEIRAO PIRES,1.06731E+13,"INSTITUTO FEDERAL DE EDUCACAO, CIENCIA E TECNOLOGIA- IFMS",MS,NÃO CONTRIBUINTE,2 - OPERAÇÃO INTERESTADUAL,1 - CONSUMIDOR FINAL,"9 - OPERAÇÃO NÃO PRESENCIAL, OUTROS",189
31240133180160000119550010000047911648600560,55 - NF-E EMITIDA EM SUBSTITUIÇÃO AO MODELO 1 OU 1A,1,4791,,Venda a prazo,2024-01-23 9:19,Autorização de Uso,2024-01-23 9:19,3.31802E+13,JP COMERCIO DE PRODUTOS ALIMENTICIOS E SERVICOS EIRELI,34110590060,MG,JUIZ DE FORA,9.59589E+12,COMANDO DA 4 BRIGADA DE INFANTARIA LEVE MONTANHA,MG,CONTRIBUINTE ISENTO,1 - OPERAÇÃO INTERNA,0 - NORMAL,0 - NÃO SE APLICA,1178
33240133702028000804550020001595111917230552,55 - NF-E EMITIDA EM SUBSTITUIÇÃO AO MODELO 1 OU 1A,2,159511,,RETORNO DE MERCADORIA P/ CONSERTO,2024-01-11 16:34,Autorização de Uso,2024-01-11 16:34,3.3702E+13,SIMCAUTO MECANICA E REPRESENTACOES LTDA,77511032,RJ,RIO DE JANEIRO,3.94494E+11,SECRETARIA DE GESTAO E ENSINO EM SEGURANCA PUBLICA,DF,NÃO CONTRIBUINTE,2 - OPERAÇÃO INTERESTADUAL,1 - CONSUMIDOR FINAL,"9 - OPERAÇÃO NÃO PRESENCIAL, OUTROS",55000
41240105360051000148550010000010821576569133,55 - NF-E EMITIDA EM SUBSTITUIÇÃO AO MODELO 1 OU 1A,1,1082,,Remessa,2024-01-17 10:54,Autorização de Uso,2024-01-17 10:54,05360051000148,TERRA SUL EDITORA LTDA,9045325501,PR,CURITIBA,3.78257E+11,FUNDO NACIONAL DE DESENVOLVIMENTO DA EDUCACAO,DF,NÃO CONTRIBUINTE,2 - OPERAÇÃO INTERESTADUAL,1 - CONSUMIDOR FINAL,"9 - OPERAÇÃO NÃO PRESENCIAL, OUTROS",994.2
35240134028316923228550010003658491151444798,55 - NF-E EMITIDA EM SUBSTITUIÇÃO AO MODELO 1 OU 1A,1,365849,,RETORNO DE MATERIAL DEPOSITADO EM ARMAZEM GERAL,2024-01-16 12:36,Autorização de Uso,2024-01-16 12:39,3.40283E+13,EMPRES BRASILEIRA DE CORREIOS E TELEGRAFOS,1.12389E+11,SP,CAJAMAR,3.78257E+11,FUNDO NACIONAL DE DESENVOLVIMENTO DA EDUCACAO,DF,NÃO CONTRIBUINTE,2 - OPERAÇÃO INTERESTADUAL,1 - CONSUMIDOR FINAL,0 - NÃO SE APLICA,134.65
35240134028316923228550010003649081807897660,55 - NF-E EMITIDA EM SUBSTITUIÇÃO AO MODELO 1 OU 1A,1,364908,,RETORNO DE MATERIAL DEPOSITADO EM ARMAZEM GERAL,2024-01-12 15:34,Autorização de Uso,2024-01-12 16:45,3.40283E+13,EMPRES BRASILEIRA DE CORREIOS E TELEGRAFOS,1.12389E+11,SP,CAJAMAR,3.78257E+11,FUNDO NACIONAL DE DESENVOLVIMENTO DA EDUCACAO,DF,NÃO CONTRIBUINTE,2 - OPERAÇÃO INTERESTADUAL,1 - CONSUMIDOR FINAL,0 - NÃO SE APLICA,139.35
31240105731550000102550010000804471321562308,55 - NF-E EMITIDA EM SUBSTITUIÇÃO AO MODELO 1 OU 1A,1,80447,,Remessa Mercad.Como S. Remessa Ref.a Faturamento de Venda,2024-01-23 9:48,Autorização de Uso,2024-01-23 9:49,05731550000102,WEBMED SOLUCOES EM SAUDE LTDA,3.67242E+12,MG,JUIZ DE FORA,3.56887E+12,HOSPITAL DAS FORCAS ARMADAS,DF,NÃO CONTRIBUINTE,2 - OPERAÇÃO INTERESTADUAL,1 - CONSUMIDOR FINAL,"9 - OPERAÇÃO NÃO PRESENCIAL, OUTROS",16288.26
35240161186490000157551000000169671147626930,55 - NF-E EMITIDA EM SUBSTITUIÇÃO AO MODELO 1 OU 1A,100,16967,,REMESSA - ENTREGA FUTURA,2024-01-24 15:05,Autorização de Uso,2024-01-24 15:05,6.11865E+13,EDITORA FTD S.A.,1.0464E+11,SP,SAO PAULO,3.78257E+11,FUNDO NACIONAL DE DESENVOLVIMENTO DA EDUCACAO,DF,NÃO CONTRIBUINTE,2 - OPERAÇÃO INTERESTADUAL,1 - CONSUMIDOR FINAL,"9 - OPERAÇÃO NÃO PRESENCIAL, OUTROS",285773.95
33240113798478000150550010000038591008060001,55 - NF-E EMITIDA EM SUBSTITUIÇÃO AO MODELO 1 OU 1A,1,3859,,VENDA,2024-01-30 13:18,Autorização de Uso,2024-01-30 13:26,1.37985E+13,VENTURA COMERCIO E SERVICOS DE AUTO LTDA,79457388,RJ,NOVA IGUACU,3.94502E+11,BATALHAO NAVAL,RJ,NÃO CONTRIBUINTE,1 - OPERAÇÃO INTERNA,1 - CONSUMIDOR FINAL,0 - NÃO SE APLICA,1203.34
11240110473085000189550040000383291767672359,55 - NF-E EMITIDA EM SUBSTITUIÇÃO AO MODELO 1 OU 1A,4,38329,,Venda combust. lub Adq. Terceiros,2024-01-29 8:01,Autorização de Uso,2024-01-29 8:01,1.04731E+13,POSTO DE COMBUSTIVEL BECHI LTDA,1747321,RO,CACOAL,3.37871E+13,FUNDACAO INSTIT BRAS DE GEOGRAFIA E ESTATISTICA IBGE,RO,CONTRIBUINTE ISENTO,1 - OPERAÇÃO INTERNA,1 - CONSUMIDOR FINAL,1 - OPERAÇÃO PRESENCIAL,400.63
33240105057706000103550010000194861582785174,55 - NF-E EMITIDA EM SUBSTITUIÇÃO AO MODELO 1 OU 1A,1,19486,,VENDA DE MERCADORIA,2024-01-18 14:45,Autorização de Uso,2024-01-18 14:45,05057706000103,RIOMAR 2001 DISTRIBUIDORA DE ALIMENTOS E DESCARTAVEIS LTDA,77387250,RJ,RIO DE JANEIRO,3.94502E+11,COMANDO DA MARINHA,DF,NÃO CONTRIBUINTE,1 - OPERAÇÃO INTERNA,1 - CONSUMIDOR FINAL,0 - NÃO SE APLICA,4829
35240101139242000123550010001250251004442333,55 - NF-E EMITIDA EM SUBSTITUIÇÃO AO MODELO 1 OU 1A,1,125025,,VENDAS DE PRODUCAO DO ESTAB,2024-01-05 0:00,Autorização de Uso,2024-01-05 11:45,01139242000123,JOSE BAUER DE ATAYDE & CIA LTDA,7.60001E+11,SP,SANTO ANTONIO DO ARACANGUA,2.9979E+13,SUPERINTENDENCIA REGIONAL SUDESTE I,SP,NÃO CONTRIBUINTE,1 - OPERAÇÃO INTERNA,1 - CONSUMIDOR FINAL,0 - NÃO SE APLICA,1446.4
43240142152392000154550000000007261000018147,55 - NF-E EMITIDA EM SUBSTITUIÇÃO AO MODELO 1 OU 1A,0,726,,"Venda de mercadoria adq de terceiros, em venda a ordem",2024-01-19 15:42,Autorização de Uso,2024-01-19 15:42,4.21524E+13,C K COMERCIO DE FERRAGENS LTDA,390190012,RS,ERECHIM,7.51019E+13,UTFPR CAMPUS PATO BRANCO,PR,NÃO CONTRIBUINTE,2 - OPERAÇÃO INTERESTADUAL,1 - CONSUMIDOR FINAL,1 - OPERAÇÃO PRESENCIAL,6750
41240130102251000148550010000004791505616440,55 - NF-E EMITIDA EM SUBSTITUIÇÃO AO MODELO 1 OU 1A,1,479,,VENDA DE MERCADORIA ADQUIRIDA OU RECEBIDA DE TERCEIROS,2024-01-22 11:05,Autorização de Uso,2024-01-22 11:05,3.01023E+13,WIDETECH AUTOMACAO LTDA,9078997998,PR,ARAUCARIA,1.06959E+13,INSTITUTO FEDERAL DE EDUCACAO CIENCIA E TECNOLOGIA DO TRIANG,MG,NÃO CONTRIBUINTE,2 - OPERAÇÃO INTERESTADUAL,1 - CONSUMIDOR FINAL,1 - OPERAÇÃO PRESENCIAL,700
35240162136304003820550010000683001779765870,55 - NF-E EMITIDA EM SUBSTITUIÇÃO AO MODELO 1 OU 1A,1,68300,,REMESSA CONTA E ORDEM DE TERCEIROS,2024-01-11 15:56,Autorização de Uso,2024-01-11 15:57,6.21363E+13,EDITORA MODERNA LTDA.,7.96239E+11,SP,GUARULHOS,3.78257E+11,FUNDO NACIONAL DE DESENVOLVIMENTO DA EDUCACAO,DF,NÃO CONTRIBUINTE,2 - OPERAÇÃO INTERESTADUAL,1 - CONSUMIDOR FINAL,0 - NÃO SE APLICA,1126.88
31240123886799000160550010000006741816080000,55 - NF-E EMITIDA EM SUBSTITUIÇÃO AO MODELO 1 OU 1A,1,674,,Remessa para industrializacao,2024-01-10 8:27,Autorização de Uso,2024-01-10 8:28,2.38868E+13,PENTAGGONO INDUSTRIAL EXPORTADORA LTDA,6.25685E+11,MG,BELO HORIZONTE,4.02552E+11,CENTRO DE DESENVOLVIMENTO DA TECNOLOGIA NUCLEAR,MG,CONTRIBUINTE ICMS,1 - OPERAÇÃO INTERNA,0 - NORMAL,0 - NÃO SE APLICA,16200
25240126044732000177550010000007761667380661,55 - NF-E EMITIDA EM SUBSTITUIÇÃO AO MODELO 1 OU 1A,1,776,,VENDA DE MERCADORIA ADQUIRIDA OU RECEBIDA DE TERCEIROS,2024-01-09 10:16,Autorização de Uso,2024-01-09 10:20,2.60447E+13,MATHEUS MED COMERCIO DE ARTIGOS MEDICOS LTDA,162790775,PB,JOAO PESSOA,3.56887E+12,HOSPITAL DAS FORCAS ARMADAS,DF,NÃO CONTRIBUINTE,2 - OPERAÇÃO INTERESTADUAL,1 - CONSUMIDOR FINAL,1 - OPERAÇÃO PRESENCIAL,8000
35240101772798000667550010004019491025873265,55 - NF-E EMITIDA EM SUBSTITUIÇÃO AO MODELO 1 OU 1A,1,401949,,VENDA MERC. ADQ. REC. TERC. REM. ANT. CONS. MERC.,2024-01-09 12:40,Autorização de Uso,2024-01-09 12:41,01772798000667,MEDTRONIC COMERCIAL LTDA.,4.9295E+11,SP,OSASCO,1.51807E+13,UNIVERSIDADE FEDERAL DA BAHIA,BA,NÃO CONTRIBUINTE,2 - OPERAÇÃO INTERESTADUAL,1 - CONSUMIDOR FINAL,"9 - OPERAÇÃO NÃO PRESENCIAL, OUTROS",6300
35240132366879000186550010000011051200015291,55 - NF-E EMITIDA EM SUBSTITUIÇÃO AO MODELO 1 OU 1A,1,1105,,Vendas,2024-01-15 8:00,Autorização de Uso,2024-01-15 18:40,3.23669E+13,EDGAR HERRERA PEREIRA,6.33838E+11,SP,SANTOS,9.57797E+12,SEGUNDO GRUPO DE ARTILHARIA ANTIAEREA,SP,NÃO CONTRIBUINTE,1 - OPERAÇÃO INTERNA,1 - CONSUMIDOR FINAL,0 - NÃO SE APLICA,1497.6
35240158309709000153550040001357171266796999,55 - NF-E EMITIDA EM SUBSTITUIÇÃO AO MODELO 1 OU 1A,4,135717,,Venda de mercadoria adquirida ou recebida de terceiros,2024-01-29 10:01,Autorização de Uso,2024-01-29 10:02,5.83097E+13,CHEMYUNION LTDA,6.69167E+11,SP,SOROCABA,3.37811E+13,INSTITUTO DE TECNOLOGIA EM FÁRMACOS,RJ,CONTRIBUINTE ICMS,2 - OPERAÇÃO INTERESTADUAL,0 - NORMAL,0 - NÃO SE APLICA,1292418.75
